,Length,PR,turn off camera,Intrudsion,replan times,exploration rate
Average,36.1,673.0320485999999,15.1,19.8,4.1,0.36500000000000005
Average,37.9,493.48393569999996,15.7,18.5,3.6,0.368
Average,35.4,565.0866980000001,15.3,19.7,4.0,0.34400000000000003
Average,38.2,526.9015365,17.1,20.2,3.9,0.382
Average,35.4,580.5707540999999,13.5,18.7,4.3,0.364
