,Length,PR,turn off camera,Intrudsion,replan times,exploration rate
Average,37.0,705.2628809,0.0,18.4,12.1,0.392
Average,38.5,597.9360496,0.0,17.4,10.8,0.393
Average,37.7,653.6765605,0.0,18.2,12.7,0.396
Average,36.1,761.1090344,0.0,17.0,8.0,0.355
Average,37.5,781.0697772999999,0.0,19.1,10.7,0.38499999999999995
